config,icc_2k,ci_lower,ci_upper,p_value,n_raters,n_stories,reliability_level
linear_T0.7,0.2857142857142855,-0.15,0.96,0.16000000000000034,3,3,可靠性差
linear_T0.3,1.9984014443252786e-15,-9.65,0.97,0.444444444444444,3,3,可靠性差
nonlinear_T0.9,-0.32142857142857095,-0.37,0.01,0.9070294784580498,3,3,可靠性差
nonlinear_T0.7,0.7611940298507461,-0.03,0.99,0.022956841138659312,3,3,可靠性良好
nonlinear_T0.3,-0.16666666666666685,-0.87,0.93,0.5486968449931414,3,3,可靠性差
linear_T0.9,0.07692307692307752,-0.12,0.9,0.3086419753086408,3,3,可靠性差
