{
  "baseline_analysis": {
    "file": "sci_baseline.md",
    "pseudo_ppl": 3.6368819375644037,
    "err_per_100w": 1.167728237791932,
    "word_count": 7406,
    "chapter_count": 24,
    "analysis_timestamp": "2025-09-11T07:08:11.616367"
  }
}