genre,optimal_config,optimal_mean,optimal_std,optimal_n,others_mean,others_std,others_n,improvement_pct,t_statistic,p_value,cohens_d,significant
romantic,linear@0.9,0.43671704394838873,0.30794800219663326,3,0.04332114403434053,0.3904065359025692,15,908.0921307207506,1.5517776472167542,0.1402691163914134,0.9814303574684379,False
horror,nonlinear@0.7,0.2790214735013517,0.3818053877570022,3,-0.08729834064128023,0.3091247435882298,15,419.618301392332,1.6939032579420186,0.10965742642091816,1.071318486215296,False
sciencefiction,linear@0.7,0.12344748915749164,0.14806928462945113,3,-0.12386000471450978,0.3542346042718887,15,199.6669501523361,1.1206555399891112,0.2789740725035363,0.7087647957702997,False
