genre,linear,nonlinear
horror,-0.10100129793363083,0.048511221365281035
romantic,-0.02493877443174423,0.2427130291384413
sciencefiction,-0.01797702399133612,-0.1473071541470163
