{
  "normal_baseline_analysis": {
    "file": "normal_baseline.md",
    "pseudo_ppl": 3.9365425709194963,
    "err_per_100w": 0.0951776649746193,
    "word_count": 3136,
    "chapter_count": 24,
    "analysis_timestamp": "2025-09-11T07:10:27.962394"
  }
}